STT,HoTen,NgayVao,ChucVu,BoPhan,GioiTinh,NgaySinh,NoiSinh,TonGiao,TrinhDo,TinhTrangHN,CMND,NgayCap,NoiCap,DiaChiThuongTru,DiaChiTamTru,EmailCongTy,EmailCaNhan,DienThoai,LienHeKhanCap,ChuTK,SoTK,NganHang
1,Nhan Vien 1,02/01/2024,POS01,DEP01,nam,02/01/1990,HN,None,Dai hoc,Doc than,100000000001,02/01/2010,HN,Dia chi TT 1,Dia chi TTam 1,nhanvien1@company.com,nhanvien1@gmail.com,0900000001,0900001001,Nhan Vien 1,7000000001,VCB
2,Nhan Vien 2,03/01/2024,POS02,DEP02,nu,03/01/1990,HN,None,Dai hoc,Doc than,100000000002,03/01/2010,HN,Dia chi TT 2,Dia chi TTam 2,nhanvien2@company.com,nhanvien2@gmail.com,0900000002,0900001002,Nhan Vien 2,7000000002,VCB
3,Nhan Vien 3,04/01/2024,POS03,DEP03,nam,04/01/1990,HN,None,Dai hoc,Doc than,100000000003,04/01/2010,HN,Dia chi TT 3,Dia chi TTam 3,nhanvien3@company.com,nhanvien3@gmail.com,0900000003,0900001003,Nhan Vien 3,7000000003,VCB
4,Nhan Vien 4,05/01/2024,POS04,DEP04,nu,05/01/1990,HN,None,Dai hoc,Doc than,100000000004,05/01/2010,HN,Dia chi TT 4,Dia chi TTam 4,nhanvien4@company.com,nhanvien4@gmail.com,0900000004,0900001004,Nhan Vien 4,7000000004,VCB
5,Nhan Vien 5,06/01/2024,POS05,DEP01,nam,06/01/1990,HN,None,Dai hoc,Doc than,100000000005,06/01/2010,HN,Dia chi TT 5,Dia chi TTam 5,nhanvien5@company.com,nhanvien5@gmail.com,0900000005,0900001005,Nhan Vien 5,7000000005,VCB
6,Nhan Vien 6,07/01/2024,POS01,DEP02,nu,07/01/1990,HN,None,Dai hoc,Doc than,100000000006,07/01/2010,HN,Dia chi TT 6,Dia chi TTam 6,nhanvien6@company.com,nhanvien6@gmail.com,0900000006,0900001006,Nhan Vien 6,7000000006,VCB
7,Nhan Vien 7,08/01/2024,POS02,DEP03,nam,08/01/1990,HN,None,Dai hoc,Doc than,100000000007,08/01/2010,HN,Dia chi TT 7,Dia chi TTam 7,nhanvien7@company.com,nhanvien7@gmail.com,0900000007,0900001007,Nhan Vien 7,7000000007,VCB
8,Nhan Vien 8,09/01/2024,POS03,DEP04,nu,09/01/1990,HN,None,Dai hoc,Doc than,100000000008,09/01/2010,HN,Dia chi TT 8,Dia chi TTam 8,nhanvien8@company.com,nhanvien8@gmail.com,0900000008,0900001008,Nhan Vien 8,7000000008,VCB
9,Nhan Vien 9,10/01/2024,POS04,DEP01,nam,10/01/1990,HN,None,Dai hoc,Doc than,100000000009,10/01/2010,HN,Dia chi TT 9,Dia chi TTam 9,nhanvien9@company.com,nhanvien9@gmail.com,0900000009,0900001009,Nhan Vien 9,7000000009,VCB
10,Nhan Vien 10,11/01/2024,POS05,DEP02,nu,11/01/1990,HN,None,Dai hoc,Doc than,100000000010,11/01/2010,HN,Dia chi TT 10,Dia chi TTam 10,nhanvien10@company.com,nhanvien10@gmail.com,0900000010,0900001010,Nhan Vien 10,7000000010,VCB
11,Nhan Vien 11,12/01/2024,POS01,DEP03,nam,12/01/1990,HN,None,Dai hoc,Doc than,100000000011,12/01/2010,HN,Dia chi TT 11,Dia chi TTam 11,nhanvien11@company.com,nhanvien11@gmail.com,0900000011,0900001011,Nhan Vien 11,7000000011,VCB
12,Nhan Vien 12,13/01/2024,POS02,DEP04,nu,13/01/1990,HN,None,Dai hoc,Doc than,100000000012,13/01/2010,HN,Dia chi TT 12,Dia chi TTam 12,nhanvien12@company.com,nhanvien12@gmail.com,0900000012,0900001012,Nhan Vien 12,7000000012,VCB
13,Nhan Vien 13,14/01/2024,POS03,DEP01,nam,14/01/1990,HN,None,Dai hoc,Doc than,100000000013,14/01/2010,HN,Dia chi TT 13,Dia chi TTam 13,nhanvien13@company.com,nhanvien13@gmail.com,0900000013,0900001013,Nhan Vien 13,7000000013,VCB
14,Nhan Vien 14,15/01/2024,POS04,DEP02,nu,15/01/1990,HN,None,Dai hoc,Doc than,100000000014,15/01/2010,HN,Dia chi TT 14,Dia chi TTam 14,nhanvien14@company.com,nhanvien14@gmail.com,0900000014,0900001014,Nhan Vien 14,7000000014,VCB
15,Nhan Vien 15,16/01/2024,POS05,DEP03,nam,16/01/1990,HN,None,Dai hoc,Doc than,100000000015,16/01/2010,HN,Dia chi TT 15,Dia chi TTam 15,nhanvien15@company.com,nhanvien15@gmail.com,0900000015,0900001015,Nhan Vien 15,7000000015,VCB
16,Nhan Vien 16,17/01/2024,POS01,DEP04,nu,17/01/1990,HN,None,Dai hoc,Doc than,100000000016,17/01/2010,HN,Dia chi TT 16,Dia chi TTam 16,nhanvien16@company.com,nhanvien16@gmail.com,0900000016,0900001016,Nhan Vien 16,7000000016,VCB
17,Nhan Vien 17,18/01/2024,POS02,DEP01,nam,18/01/1990,HN,None,Dai hoc,Doc than,100000000017,18/01/2010,HN,Dia chi TT 17,Dia chi TTam 17,nhanvien17@company.com,nhanvien17@gmail.com,0900000017,0900001017,Nhan Vien 17,7000000017,VCB
18,Nhan Vien 18,19/01/2024,POS03,DEP02,nu,19/01/1990,HN,None,Dai hoc,Doc than,100000000018,19/01/2010,HN,Dia chi TT 18,Dia chi TTam 18,nhanvien18@company.com,nhanvien18@gmail.com,0900000018,0900001018,Nhan Vien 18,7000000018,VCB
19,Nhan Vien 19,20/01/2024,POS04,DEP03,nam,20/01/1990,HN,None,Dai hoc,Doc than,100000000019,20/01/2010,HN,Dia chi TT 19,Dia chi TTam 19,nhanvien19@company.com,nhanvien19@gmail.com,0900000019,0900001019,Nhan Vien 19,7000000019,VCB
20,Nhan Vien 20,21/01/2024,POS05,DEP04,nu,21/01/1990,HN,None,Dai hoc,Doc than,100000000020,21/01/2010,HN,Dia chi TT 20,Dia chi TTam 20,nhanvien20@company.com,nhanvien20@gmail.com,0900000020,0900001020,Nhan Vien 20,7000000020,VCB
21,Nhan Vien 21,22/01/2024,POS01,DEP01,nam,22/01/1990,HN,None,Dai hoc,Doc than,100000000021,22/01/2010,HN,Dia chi TT 21,Dia chi TTam 21,nhanvien21@company.com,nhanvien21@gmail.com,0900000021,0900001021,Nhan Vien 21,7000000021,VCB
22,Nhan Vien 22,23/01/2024,POS02,DEP02,nu,23/01/1990,HN,None,Dai hoc,Doc than,100000000022,23/01/2010,HN,Dia chi TT 22,Dia chi TTam 22,nhanvien22@company.com,nhanvien22@gmail.com,0900000022,0900001022,Nhan Vien 22,7000000022,VCB
23,Nhan Vien 23,24/01/2024,POS03,DEP03,nam,24/01/1990,HN,None,Dai hoc,Doc than,100000000023,24/01/2010,HN,Dia chi TT 23,Dia chi TTam 23,nhanvien23@company.com,nhanvien23@gmail.com,0900000023,0900001023,Nhan Vien 23,7000000023,VCB
24,Nhan Vien 24,25/01/2024,POS04,DEP04,nu,25/01/1990,HN,None,Dai hoc,Doc than,100000000024,25/01/2010,HN,Dia chi TT 24,Dia chi TTam 24,nhanvien24@company.com,nhanvien24@gmail.com,0900000024,0900001024,Nhan Vien 24,7000000024,VCB
25,Nhan Vien 25,26/01/2024,POS05,DEP01,nam,26/01/1990,HN,None,Dai hoc,Doc than,100000000025,26/01/2010,HN,Dia chi TT 25,Dia chi TTam 25,nhanvien25@company.com,nhanvien25@gmail.com,0900000025,0900001025,Nhan Vien 25,7000000025,VCB
26,Nhan Vien 26,27/01/2024,POS01,DEP02,nu,27/01/1990,HN,None,Dai hoc,Doc than,100000000026,27/01/2010,HN,Dia chi TT 26,Dia chi TTam 26,nhanvien26@company.com,nhanvien26@gmail.com,0900000026,0900001026,Nhan Vien 26,7000000026,VCB
27,Nhan Vien 27,28/01/2024,POS02,DEP03,nam,28/01/1990,HN,None,Dai hoc,Doc than,100000000027,28/01/2010,HN,Dia chi TT 27,Dia chi TTam 27,nhanvien27@company.com,nhanvien27@gmail.com,0900000027,0900001027,Nhan Vien 27,7000000027,VCB
28,Nhan Vien 28,29/01/2024,POS03,DEP04,nu,29/01/1990,HN,None,Dai hoc,Doc than,100000000028,29/01/2010,HN,Dia chi TT 28,Dia chi TTam 28,nhanvien28@company.com,nhanvien28@gmail.com,0900000028,0900001028,Nhan Vien 28,7000000028,VCB
29,Nhan Vien 29,30/01/2024,POS04,DEP01,nam,30/01/1990,HN,None,Dai hoc,Doc than,100000000029,30/01/2010,HN,Dia chi TT 29,Dia chi TTam 29,nhanvien29@company.com,nhanvien29@gmail.com,0900000029,0900001029,Nhan Vien 29,7000000029,VCB
30,Nhan Vien 30,31/01/2024,POS05,DEP02,nu,31/01/1990,HN,None,Dai hoc,Doc than,100000000030,31/01/2010,HN,Dia chi TT 30,Dia chi TTam 30,nhanvien30@company.com,nhanvien30@gmail.com,0900000030,0900001030,Nhan Vien 30,7000000030,VCB
31,Nhan Vien 31,01/02/2024,POS01,DEP03,nam,01/02/1990,HN,None,Dai hoc,Doc than,100000000031,01/02/2010,HN,Dia chi TT 31,Dia chi TTam 31,nhanvien31@company.com,nhanvien31@gmail.com,0900000031,0900001031,Nhan Vien 31,7000000031,VCB
32,Nhan Vien 32,02/02/2024,POS02,DEP04,nu,02/02/1990,HN,None,Dai hoc,Doc than,100000000032,02/02/2010,HN,Dia chi TT 32,Dia chi TTam 32,nhanvien32@company.com,nhanvien32@gmail.com,0900000032,0900001032,Nhan Vien 32,7000000032,VCB
33,Nhan Vien 33,03/02/2024,POS03,DEP01,nam,03/02/1990,HN,None,Dai hoc,Doc than,100000000033,03/02/2010,HN,Dia chi TT 33,Dia chi TTam 33,nhanvien33@company.com,nhanvien33@gmail.com,0900000033,0900001033,Nhan Vien 33,7000000033,VCB
34,Nhan Vien 34,04/02/2024,POS04,DEP02,nu,04/02/1990,HN,None,Dai hoc,Doc than,100000000034,04/02/2010,HN,Dia chi TT 34,Dia chi TTam 34,nhanvien34@company.com,nhanvien34@gmail.com,0900000034,0900001034,Nhan Vien 34,7000000034,VCB
35,Nhan Vien 35,05/02/2024,POS05,DEP03,nam,05/02/1990,HN,None,Dai hoc,Doc than,100000000035,05/02/2010,HN,Dia chi TT 35,Dia chi TTam 35,nhanvien35@company.com,nhanvien35@gmail.com,0900000035,0900001035,Nhan Vien 35,7000000035,VCB
36,Nhan Vien 36,06/02/2024,POS01,DEP04,nu,06/02/1990,HN,None,Dai hoc,Doc than,100000000036,06/02/2010,HN,Dia chi TT 36,Dia chi TTam 36,nhanvien36@company.com,nhanvien36@gmail.com,0900000036,0900001036,Nhan Vien 36,7000000036,VCB
37,Nhan Vien 37,07/02/2024,POS02,DEP01,nam,07/02/1990,HN,None,Dai hoc,Doc than,100000000037,07/02/2010,HN,Dia chi TT 37,Dia chi TTam 37,nhanvien37@company.com,nhanvien37@gmail.com,0900000037,0900001037,Nhan Vien 37,7000000037,VCB
38,Nhan Vien 38,08/02/2024,POS03,DEP02,nu,08/02/1990,HN,None,Dai hoc,Doc than,100000000038,08/02/2010,HN,Dia chi TT 38,Dia chi TTam 38,nhanvien38@company.com,nhanvien38@gmail.com,0900000038,0900001038,Nhan Vien 38,7000000038,VCB
39,Nhan Vien 39,09/02/2024,POS04,DEP03,nam,09/02/1990,HN,None,Dai hoc,Doc than,100000000039,09/02/2010,HN,Dia chi TT 39,Dia chi TTam 39,nhanvien39@company.com,nhanvien39@gmail.com,0900000039,0900001039,Nhan Vien 39,7000000039,VCB
40,Nhan Vien 40,10/02/2024,POS05,DEP04,nu,10/02/1990,HN,None,Dai hoc,Doc than,100000000040,10/02/2010,HN,Dia chi TT 40,Dia chi TTam 40,nhanvien40@company.com,nhanvien40@gmail.com,0900000040,0900001040,Nhan Vien 40,7000000040,VCB
41,Nhan Vien 41,11/02/2024,POS01,DEP01,nam,11/02/1990,HN,None,Dai hoc,Doc than,100000000041,11/02/2010,HN,Dia chi TT 41,Dia chi TTam 41,nhanvien41@company.com,nhanvien41@gmail.com,0900000041,0900001041,Nhan Vien 41,7000000041,VCB
42,Nhan Vien 42,12/02/2024,POS02,DEP02,nu,12/02/1990,HN,None,Dai hoc,Doc than,100000000042,12/02/2010,HN,Dia chi TT 42,Dia chi TTam 42,nhanvien42@company.com,nhanvien42@gmail.com,0900000042,0900001042,Nhan Vien 42,7000000042,VCB
43,Nhan Vien 43,13/02/2024,POS03,DEP03,nam,13/02/1990,HN,None,Dai hoc,Doc than,100000000043,13/02/2010,HN,Dia chi TT 43,Dia chi TTam 43,nhanvien43@company.com,nhanvien43@gmail.com,0900000043,0900001043,Nhan Vien 43,7000000043,VCB
44,Nhan Vien 44,14/02/2024,POS04,DEP04,nu,14/02/1990,HN,None,Dai hoc,Doc than,100000000044,14/02/2010,HN,Dia chi TT 44,Dia chi TTam 44,nhanvien44@company.com,nhanvien44@gmail.com,0900000044,0900001044,Nhan Vien 44,7000000044,VCB
45,Nhan Vien 45,15/02/2024,POS05,DEP01,nam,15/02/1990,HN,None,Dai hoc,Doc than,100000000045,15/02/2010,HN,Dia chi TT 45,Dia chi TTam 45,nhanvien45@company.com,nhanvien45@gmail.com,0900000045,0900001045,Nhan Vien 45,7000000045,VCB
46,Nhan Vien 46,16/02/2024,POS01,DEP02,nu,16/02/1990,HN,None,Dai hoc,Doc than,100000000046,16/02/2010,HN,Dia chi TT 46,Dia chi TTam 46,nhanvien46@company.com,nhanvien46@gmail.com,0900000046,0900001046,Nhan Vien 46,7000000046,VCB
47,Nhan Vien 47,17/02/2024,POS02,DEP03,nam,17/02/1990,HN,None,Dai hoc,Doc than,100000000047,17/02/2010,HN,Dia chi TT 47,Dia chi TTam 47,nhanvien47@company.com,nhanvien47@gmail.com,0900000047,0900001047,Nhan Vien 47,7000000047,VCB
48,Nhan Vien 48,18/02/2024,POS03,DEP04,nu,18/02/1990,HN,None,Dai hoc,Doc than,100000000048,18/02/2010,HN,Dia chi TT 48,Dia chi TTam 48,nhanvien48@company.com,nhanvien48@gmail.com,0900000048,0900001048,Nhan Vien 48,7000000048,VCB
49,Nhan Vien 49,19/02/2024,POS04,DEP01,nam,19/02/1990,HN,None,Dai hoc,Doc than,100000000049,19/02/2010,HN,Dia chi TT 49,Dia chi TTam 49,nhanvien49@company.com,nhanvien49@gmail.com,0900000049,0900001049,Nhan Vien 49,7000000049,VCB
50,Nhan Vien 50,20/02/2024,POS05,DEP02,nu,20/02/1990,HN,None,Dai hoc,Doc than,100000000050,20/02/2010,HN,Dia chi TT 50,Dia chi TTam 50,nhanvien50@company.com,nhanvien50@gmail.com,0900000050,0900001050,Nhan Vien 50,7000000050,VCB
51,Nhan Vien 51,21/02/2024,POS01,DEP03,nam,21/02/1990,HN,None,Dai hoc,Doc than,100000000051,21/02/2010,HN,Dia chi TT 51,Dia chi TTam 51,nhanvien51@company.com,nhanvien51@gmail.com,0900000051,0900001051,Nhan Vien 51,7000000051,VCB
52,Nhan Vien 52,22/02/2024,POS02,DEP04,nu,22/02/1990,HN,None,Dai hoc,Doc than,100000000052,22/02/2010,HN,Dia chi TT 52,Dia chi TTam 52,nhanvien52@company.com,nhanvien52@gmail.com,0900000052,0900001052,Nhan Vien 52,7000000052,VCB
53,Nhan Vien 53,23/02/2024,POS03,DEP01,nam,23/02/1990,HN,None,Dai hoc,Doc than,100000000053,23/02/2010,HN,Dia chi TT 53,Dia chi TTam 53,nhanvien53@company.com,nhanvien53@gmail.com,0900000053,0900001053,Nhan Vien 53,7000000053,VCB
54,Nhan Vien 54,24/02/2024,POS04,DEP02,nu,24/02/1990,HN,None,Dai hoc,Doc than,100000000054,24/02/2010,HN,Dia chi TT 54,Dia chi TTam 54,nhanvien54@company.com,nhanvien54@gmail.com,0900000054,0900001054,Nhan Vien 54,7000000054,VCB
55,Nhan Vien 55,25/02/2024,POS05,DEP03,nam,25/02/1990,HN,None,Dai hoc,Doc than,100000000055,25/02/2010,HN,Dia chi TT 55,Dia chi TTam 55,nhanvien55@company.com,nhanvien55@gmail.com,0900000055,0900001055,Nhan Vien 55,7000000055,VCB
56,Nhan Vien 56,26/02/2024,POS01,DEP04,nu,26/02/1990,HN,None,Dai hoc,Doc than,100000000056,26/02/2010,HN,Dia chi TT 56,Dia chi TTam 56,nhanvien56@company.com,nhanvien56@gmail.com,0900000056,0900001056,Nhan Vien 56,7000000056,VCB
57,Nhan Vien 57,27/02/2024,POS02,DEP01,nam,27/02/1990,HN,None,Dai hoc,Doc than,100000000057,27/02/2010,HN,Dia chi TT 57,Dia chi TTam 57,nhanvien57@company.com,nhanvien57@gmail.com,0900000057,0900001057,Nhan Vien 57,7000000057,VCB
58,Nhan Vien 58,28/02/2024,POS03,DEP02,nu,28/02/1990,HN,None,Dai hoc,Doc than,100000000058,28/02/2010,HN,Dia chi TT 58,Dia chi TTam 58,nhanvien58@company.com,nhanvien58@gmail.com,0900000058,0900001058,Nhan Vien 58,7000000058,VCB
59,Nhan Vien 59,29/02/2024,POS04,DEP03,nam,01/03/1990,HN,None,Dai hoc,Doc than,100000000059,01/03/2010,HN,Dia chi TT 59,Dia chi TTam 59,nhanvien59@company.com,nhanvien59@gmail.com,0900000059,0900001059,Nhan Vien 59,7000000059,VCB
60,Nhan Vien 60,01/03/2024,POS05,DEP04,nu,02/03/1990,HN,None,Dai hoc,Doc than,100000000060,02/03/2010,HN,Dia chi TT 60,Dia chi TTam 60,nhanvien60@company.com,nhanvien60@gmail.com,0900000060,0900001060,Nhan Vien 60,7000000060,VCB
61,Nhan Vien 61,02/03/2024,POS01,DEP01,nam,03/03/1990,HN,None,Dai hoc,Doc than,100000000061,03/03/2010,HN,Dia chi TT 61,Dia chi TTam 61,nhanvien61@company.com,nhanvien61@gmail.com,0900000061,0900001061,Nhan Vien 61,7000000061,VCB
62,Nhan Vien 62,03/03/2024,POS02,DEP02,nu,04/03/1990,HN,None,Dai hoc,Doc than,100000000062,04/03/2010,HN,Dia chi TT 62,Dia chi TTam 62,nhanvien62@company.com,nhanvien62@gmail.com,0900000062,0900001062,Nhan Vien 62,7000000062,VCB
63,Nhan Vien 63,04/03/2024,POS03,DEP03,nam,05/03/1990,HN,None,Dai hoc,Doc than,100000000063,05/03/2010,HN,Dia chi TT 63,Dia chi TTam 63,nhanvien63@company.com,nhanvien63@gmail.com,0900000063,0900001063,Nhan Vien 63,7000000063,VCB
64,Nhan Vien 64,05/03/2024,POS04,DEP04,nu,06/03/1990,HN,None,Dai hoc,Doc than,100000000064,06/03/2010,HN,Dia chi TT 64,Dia chi TTam 64,nhanvien64@company.com,nhanvien64@gmail.com,0900000064,0900001064,Nhan Vien 64,7000000064,VCB
65,Nhan Vien 65,06/03/2024,POS05,DEP01,nam,07/03/1990,HN,None,Dai hoc,Doc than,100000000065,07/03/2010,HN,Dia chi TT 65,Dia chi TTam 65,nhanvien65@company.com,nhanvien65@gmail.com,0900000065,0900001065,Nhan Vien 65,7000000065,VCB
66,Nhan Vien 66,07/03/2024,POS01,DEP02,nu,08/03/1990,HN,None,Dai hoc,Doc than,100000000066,08/03/2010,HN,Dia chi TT 66,Dia chi TTam 66,nhanvien66@company.com,nhanvien66@gmail.com,0900000066,0900001066,Nhan Vien 66,7000000066,VCB
67,Nhan Vien 67,08/03/2024,POS02,DEP03,nam,09/03/1990,HN,None,Dai hoc,Doc than,100000000067,09/03/2010,HN,Dia chi TT 67,Dia chi TTam 67,nhanvien67@company.com,nhanvien67@gmail.com,0900000067,0900001067,Nhan Vien 67,7000000067,VCB
68,Nhan Vien 68,09/03/2024,POS03,DEP04,nu,10/03/1990,HN,None,Dai hoc,Doc than,100000000068,10/03/2010,HN,Dia chi TT 68,Dia chi TTam 68,nhanvien68@company.com,nhanvien68@gmail.com,0900000068,0900001068,Nhan Vien 68,7000000068,VCB
69,Nhan Vien 69,10/03/2024,POS04,DEP01,nam,11/03/1990,HN,None,Dai hoc,Doc than,100000000069,11/03/2010,HN,Dia chi TT 69,Dia chi TTam 69,nhanvien69@company.com,nhanvien69@gmail.com,0900000069,0900001069,Nhan Vien 69,7000000069,VCB
70,Nhan Vien 70,11/03/2024,POS05,DEP02,nu,12/03/1990,HN,None,Dai hoc,Doc than,100000000070,12/03/2010,HN,Dia chi TT 70,Dia chi TTam 70,nhanvien70@company.com,nhanvien70@gmail.com,0900000070,0900001070,Nhan Vien 70,7000000070,VCB
71,Nhan Vien 71,12/03/2024,POS01,DEP03,nam,13/03/1990,HN,None,Dai hoc,Doc than,100000000071,13/03/2010,HN,Dia chi TT 71,Dia chi TTam 71,nhanvien71@company.com,nhanvien71@gmail.com,0900000071,0900001071,Nhan Vien 71,7000000071,VCB
72,Nhan Vien 72,13/03/2024,POS02,DEP04,nu,14/03/1990,HN,None,Dai hoc,Doc than,100000000072,14/03/2010,HN,Dia chi TT 72,Dia chi TTam 72,nhanvien72@company.com,nhanvien72@gmail.com,0900000072,0900001072,Nhan Vien 72,7000000072,VCB
73,Nhan Vien 73,14/03/2024,POS03,DEP01,nam,15/03/1990,HN,None,Dai hoc,Doc than,100000000073,15/03/2010,HN,Dia chi TT 73,Dia chi TTam 73,nhanvien73@company.com,nhanvien73@gmail.com,0900000073,0900001073,Nhan Vien 73,7000000073,VCB
74,Nhan Vien 74,15/03/2024,POS04,DEP02,nu,16/03/1990,HN,None,Dai hoc,Doc than,100000000074,16/03/2010,HN,Dia chi TT 74,Dia chi TTam 74,nhanvien74@company.com,nhanvien74@gmail.com,0900000074,0900001074,Nhan Vien 74,7000000074,VCB
75,Nhan Vien 75,16/03/2024,POS05,DEP03,nam,17/03/1990,HN,None,Dai hoc,Doc than,100000000075,17/03/2010,HN,Dia chi TT 75,Dia chi TTam 75,nhanvien75@company.com,nhanvien75@gmail.com,0900000075,0900001075,Nhan Vien 75,7000000075,VCB
76,Nhan Vien 76,17/03/2024,POS01,DEP04,nu,18/03/1990,HN,None,Dai hoc,Doc than,100000000076,18/03/2010,HN,Dia chi TT 76,Dia chi TTam 76,nhanvien76@company.com,nhanvien76@gmail.com,0900000076,0900001076,Nhan Vien 76,7000000076,VCB
77,Nhan Vien 77,18/03/2024,POS02,DEP01,nam,19/03/1990,HN,None,Dai hoc,Doc than,100000000077,19/03/2010,HN,Dia chi TT 77,Dia chi TTam 77,nhanvien77@company.com,nhanvien77@gmail.com,0900000077,0900001077,Nhan Vien 77,7000000077,VCB
78,Nhan Vien 78,19/03/2024,POS03,DEP02,nu,20/03/1990,HN,None,Dai hoc,Doc than,100000000078,20/03/2010,HN,Dia chi TT 78,Dia chi TTam 78,nhanvien78@company.com,nhanvien78@gmail.com,0900000078,0900001078,Nhan Vien 78,7000000078,VCB
79,Nhan Vien 79,20/03/2024,POS04,DEP03,nam,21/03/1990,HN,None,Dai hoc,Doc than,100000000079,21/03/2010,HN,Dia chi TT 79,Dia chi TTam 79,nhanvien79@company.com,nhanvien79@gmail.com,0900000079,0900001079,Nhan Vien 79,7000000079,VCB
80,Nhan Vien 80,21/03/2024,POS05,DEP04,nu,22/03/1990,HN,None,Dai hoc,Doc than,100000000080,22/03/2010,HN,Dia chi TT 80,Dia chi TTam 80,nhanvien80@company.com,nhanvien80@gmail.com,0900000080,0900001080,Nhan Vien 80,7000000080,VCB
81,Nhan Vien 81,22/03/2024,POS01,DEP01,nam,23/03/1990,HN,None,Dai hoc,Doc than,100000000081,23/03/2010,HN,Dia chi TT 81,Dia chi TTam 81,nhanvien81@company.com,nhanvien81@gmail.com,0900000081,0900001081,Nhan Vien 81,7000000081,VCB
82,Nhan Vien 82,23/03/2024,POS02,DEP02,nu,24/03/1990,HN,None,Dai hoc,Doc than,100000000082,24/03/2010,HN,Dia chi TT 82,Dia chi TTam 82,nhanvien82@company.com,nhanvien82@gmail.com,0900000082,0900001082,Nhan Vien 82,7000000082,VCB
83,Nhan Vien 83,24/03/2024,POS03,DEP03,nam,25/03/1990,HN,None,Dai hoc,Doc than,100000000083,25/03/2010,HN,Dia chi TT 83,Dia chi TTam 83,nhanvien83@company.com,nhanvien83@gmail.com,0900000083,0900001083,Nhan Vien 83,7000000083,VCB
84,Nhan Vien 84,25/03/2024,POS04,DEP04,nu,26/03/1990,HN,None,Dai hoc,Doc than,100000000084,26/03/2010,HN,Dia chi TT 84,Dia chi TTam 84,nhanvien84@company.com,nhanvien84@gmail.com,0900000084,0900001084,Nhan Vien 84,7000000084,VCB
85,Nhan Vien 85,26/03/2024,POS05,DEP01,nam,27/03/1990,HN,None,Dai hoc,Doc than,100000000085,27/03/2010,HN,Dia chi TT 85,Dia chi TTam 85,nhanvien85@company.com,nhanvien85@gmail.com,0900000085,0900001085,Nhan Vien 85,7000000085,VCB
86,Nhan Vien 86,27/03/2024,POS01,DEP02,nu,28/03/1990,HN,None,Dai hoc,Doc than,100000000086,28/03/2010,HN,Dia chi TT 86,Dia chi TTam 86,nhanvien86@company.com,nhanvien86@gmail.com,0900000086,0900001086,Nhan Vien 86,7000000086,VCB
87,Nhan Vien 87,28/03/2024,POS02,DEP03,nam,29/03/1990,HN,None,Dai hoc,Doc than,100000000087,29/03/2010,HN,Dia chi TT 87,Dia chi TTam 87,nhanvien87@company.com,nhanvien87@gmail.com,0900000087,0900001087,Nhan Vien 87,7000000087,VCB
88,Nhan Vien 88,29/03/2024,POS03,DEP04,nu,30/03/1990,HN,None,Dai hoc,Doc than,100000000088,30/03/2010,HN,Dia chi TT 88,Dia chi TTam 88,nhanvien88@company.com,nhanvien88@gmail.com,0900000088,0900001088,Nhan Vien 88,7000000088,VCB
89,Nhan Vien 89,30/03/2024,POS04,DEP01,nam,31/03/1990,HN,None,Dai hoc,Doc than,100000000089,31/03/2010,HN,Dia chi TT 89,Dia chi TTam 89,nhanvien89@company.com,nhanvien89@gmail.com,0900000089,0900001089,Nhan Vien 89,7000000089,VCB
90,Nhan Vien 90,31/03/2024,POS05,DEP02,nu,01/04/1990,HN,None,Dai hoc,Doc than,100000000090,01/04/2010,HN,Dia chi TT 90,Dia chi TTam 90,nhanvien90@company.com,nhanvien90@gmail.com,0900000090,0900001090,Nhan Vien 90,7000000090,VCB
91,Nhan Vien 91,01/04/2024,POS01,DEP03,nam,02/04/1990,HN,None,Dai hoc,Doc than,100000000091,02/04/2010,HN,Dia chi TT 91,Dia chi TTam 91,nhanvien91@company.com,nhanvien91@gmail.com,0900000091,0900001091,Nhan Vien 91,7000000091,VCB
92,Nhan Vien 92,02/04/2024,POS02,DEP04,nu,03/04/1990,HN,None,Dai hoc,Doc than,100000000092,03/04/2010,HN,Dia chi TT 92,Dia chi TTam 92,nhanvien92@company.com,nhanvien92@gmail.com,0900000092,0900001092,Nhan Vien 92,7000000092,VCB
93,Nhan Vien 93,03/04/2024,POS03,DEP01,nam,04/04/1990,HN,None,Dai hoc,Doc than,100000000093,04/04/2010,HN,Dia chi TT 93,Dia chi TTam 93,nhanvien93@company.com,nhanvien93@gmail.com,0900000093,0900001093,Nhan Vien 93,7000000093,VCB
94,Nhan Vien 94,04/04/2024,POS04,DEP02,nu,05/04/1990,HN,None,Dai hoc,Doc than,100000000094,05/04/2010,HN,Dia chi TT 94,Dia chi TTam 94,nhanvien94@company.com,nhanvien94@gmail.com,0900000094,0900001094,Nhan Vien 94,7000000094,VCB
95,Nhan Vien 95,05/04/2024,POS05,DEP03,nam,06/04/1990,HN,None,Dai hoc,Doc than,100000000095,06/04/2010,HN,Dia chi TT 95,Dia chi TTam 95,nhanvien95@company.com,nhanvien95@gmail.com,0900000095,0900001095,Nhan Vien 95,7000000095,VCB
96,Nhan Vien 96,06/04/2024,POS01,DEP04,nu,07/04/1990,HN,None,Dai hoc,Doc than,100000000096,07/04/2010,HN,Dia chi TT 96,Dia chi TTam 96,nhanvien96@company.com,nhanvien96@gmail.com,0900000096,0900001096,Nhan Vien 96,7000000096,VCB
97,Nhan Vien 97,07/04/2024,POS02,DEP01,nam,08/04/1990,HN,None,Dai hoc,Doc than,100000000097,08/04/2010,HN,Dia chi TT 97,Dia chi TTam 97,nhanvien97@company.com,nhanvien97@gmail.com,0900000097,0900001097,Nhan Vien 97,7000000097,VCB
98,Nhan Vien 98,08/04/2024,POS03,DEP02,nu,09/04/1990,HN,None,Dai hoc,Doc than,100000000098,09/04/2010,HN,Dia chi TT 98,Dia chi TTam 98,nhanvien98@company.com,nhanvien98@gmail.com,0900000098,0900001098,Nhan Vien 98,7000000098,VCB
99,Nhan Vien 99,09/04/2024,POS04,DEP03,nam,10/04/1990,HN,None,Dai hoc,Doc than,100000000099,10/04/2010,HN,Dia chi TT 99,Dia chi TTam 99,nhanvien99@company.com,nhanvien99@gmail.com,0900000099,0900001099,Nhan Vien 99,7000000099,VCB
100,Nhan Vien 100,10/04/2024,POS05,DEP04,nu,11/04/1990,HN,None,Dai hoc,Doc than,100000000100,11/04/2010,HN,Dia chi TT 100,Dia chi TTam 100,nhanvien100@company.com,nhanvien100@gmail.com,0900000100,0900001100,Nhan Vien 100,7000000100,VCB
